NAME	ending	population
Budapest 01	other	26228
Budapest 02	other	87793
Budapest 03	other	126539
Budapest 04	other	98291
Budapest 05	other	25877
Budapest 06	other	37122
Budapest 07	other	52479
Budapest 08	other	71756
Budapest 09	other	54576
Budapest 10	other	73831
Budapest 11	other	132543
Budapest 12	other	58109
Budapest 13	other	114582
Budapest 14	other	114862
Budapest 15	other	79602
Budapest 16	other	73239
Budapest 17	other	88250
Budapest 18	other	100719
Budapest 19	other	59283
Budapest 20	other	65002
Budapest 21	other	75045
Budapest 22	other	54958
Budapest 23	other	22365
Ágasegyháza	háza	1960
Akasztó	tó	3344
Apostag	other	2080
Bácsborsód	other	1178
Bácsszentgyörgy	györgy	159
Bácsszőlős	szőlős	351
Ballószög	other	3698
Balotaszállás	szállás	1601
Bátmonostor	other	1576
Bátya	other	2105
Bócsa	other	1917
Borota	other	1303
Bugacpusztaháza	háza	266
Császártöltés	other	2326
Csátalja	other	1511
Csávoly	other	1842
Csengőd	other	2153
Csikéria	other	829
Csólyospálos	other	1624
Dávod	other	2100
Drágszél	other	347
Dunaegyháza	háza	1459
Dunafalva	falva	921
Dunaszentbenedek	other	816
Dunatetétlen	other	564
Dusnok	other	2997
Érsekcsanád	other	2942
Érsekhalma	other	605
Fajsz	other	1711
Felsőlajos	other	940
Felsőszentiván	other	1861
Foktő	other	1565
Fülöpháza	háza	927
Fülöpjakab	other	1139
Fülöpszállás	szállás	2367
Gara	other	2277
Gátér	other	930
Géderlak	lak	1002
Harkakötöny	other	860
Helvécia	other	4814
Hercegszántó	tó	1993
Homokmégy	other	1329
Imrehegy	other	686
Jakabszállás	szállás	2711
Jászszentlászló	other	2505
Kaskantyú	other	1000
Katymár	other	1909
Kelebia	other	2629
Kéleshalom	halom	456
Kisszállás	szállás	2472
Kömpöc	other	696
Kunadacs	other	1509
Kunbaja	other	1559
Kunbaracs	other	644
Kunfehértó	tó	2193
Kunpeszér	other	730
Kunszállás	szállás	1705
Ladánybene	other	1722
Madaras	other	2858
Mátételke	other	517
Miske	other	1769
Móricgát	other	471
Nagybaracska	other	2354
Nemesnádudvar	other	1860
Nyárlőrinc	other	2338
Ordas	other	443
Orgovány	other	3476
Öregcsertő	other	803
Páhi	other	1196
Pálmonostora	other	1888
Petőfiszállás	szállás	1565
Pirtó	tó	970
Rém	other	1298
Soltszentimre	other	1298
Szakmár	other	1243
Szalkszentmárton	márton	2808
Szank	other	2454
Szentkirály	other	1942
Szeremle	other	1428
Tabdi	other	1076
Tass	other	2962
Tataháza	háza	1191
Tázlár	other	1742
Tiszaug	other	938
Újsolt	other	199
Újtelek	telek	379
Uszód	other	969
Városföld	other	2311
Vaskút	kút	3489
Zsana	other	774
Abaliget	other	694
Adorjás	other	211
Ág	other	191
Almamellék	other	442
Almáskeresztúr	túr	85
Alsómocsolád	other	317
Alsószentmárton	márton	1287
Apátvarasd	other	139
Aranyosgadány	other	381
Áta	other	201
Babarc	other	722
Babarcszőlős	szőlős	107
Bakóca	other	311
Bakonya	other	392
Baksa	other	809
Bánfa	fa	203
Bár	other	546
Baranyahídvég	other	203
Baranyajenő	other	470
Baranyaszentgyörgy	györgy	145
Basal	other	210
Belvárdgyula	other	437
Berkesd	other	909
Besence	other	118
Bezedek	other	236
Bicsérd	other	1068
Bikal	other	734
Birján	other	526
Bisse	other	232
Boda	other	441
Bodolyabér	other	233
Bogád	other	1119
Bogádmindszent	other	443
Bogdása	other	263
Boldogasszonyfa	fa	433
Borjád	other	430
Bosta	other	151
Botykapeterd	other	355
Bükkösd	other	1126
Bürüs	other	88
Csányoszró	other	645
Csarnóta	other	148
Csebény	other	97
Cserdi	other	404
Cserkút	kút	629
Csertő	other	409
Csonkamindszent	other	176
Cún	other	233
Dencsháza	háza	586
Dinnyeberki	other	98
Diósviszló	other	706
Drávacsehi	other	197
Drávacsepely	other	209
Drávafok	other	550
Drávaiványi	other	211
Drávakeresztúr	túr	133
Drávapalkonya	other	276
Drávapiski	other	104
Drávaszabolcs	other	688
Drávaszerdahely	hely	180
Drávasztára	other	418
Dunaszekcső	other	1923
Egerág	other	1023
Egyházasharaszti	other	334
Egyházaskozár	other	757
Ellend	other	232
Endrőc	other	351
Erdősmárok	other	91
Erdősmecske	other	360
Erzsébet	other	310
Fazekasboda	other	214
Feked	other	218
Felsőegerszeg	szeg	132
Felsőszentmárton	márton	873
Garé	other	294
Gerde	other	571
Gerényes	other	255
Geresdlak	lak	789
Gilvánfa	fa	410
Gordisa	other	298
Gödre	other	853
Görcsöny	other	1535
Görcsönydoboka	other	390
Gyód	other	696
Gyöngyfa	fa	156
Gyöngyösmellék	other	325
Hásságy	other	304
Hegyhátmaróc	other	160
Hegyszentmárton	márton	427
Helesfa	fa	482
Hetvehely	hely	481
Hidas	other	2117
Himesháza	háza	1038
Hirics	other	274
Hobol	other	966
Homorúd	other	574
Horváthertelend	other	59
Hosszúhetény	other	3410
Husztót	other	68
Ibafa	fa	248
Illocska	other	268
Ipacsfa	fa	200
Ivánbattyán	other	118
Ivándárda	other	237
Kacsóta	other	281
Kákics	other	218
Kárász	other	333
Kásád	other	328
Katádfa	fa	165
Kátoly	other	310
Kékesd	other	180
Kémes	other	475
Kemse	other	67
Keszü	other	1373
Kétújfalu	falu	683
Királyegyháza	háza	940
Kisasszonyfa	fa	223
Kisbeszterce	other	89
Kisbudmér	other	104
Kisdér	other	122
Kisdobsza	other	265
Kishajmás	other	224
Kisharsány	other	508
Kisherend	other	216
Kisjakabfalva	falva	142
Kiskassa	other	259
Kislippó	other	297
Kisnyárád	other	187
Kisszentmárton	márton	269
Kistamási	other	134
Kistapolca	other	203
Kistótfalu	falu	310
Kisvaszar	other	357
Kórós	other	226
Kovácshida	other	280
Kovácsszénája	other	85
Köblény	other	221
Kökény	other	684
Kölked	other	1056
Kővágószőlős	szőlős	1317
Kővágótöttös	other	374
Lánycsók	other	2535
Lapáncsa	other	185
Liget	other	414
Lippó	other	510
Liptód	other	214
Lothárd	other	250
Lovászhetény	other	308
Lúzsok	other	239
Magyarbóly	other	952
Magyaregregy	other	761
Magyarhertelend	other	663
Magyarlukafa	fa	97
Magyarmecske	other	362
Magyarsarlós	other	302
Magyarszék	other	1017
Magyartelek	telek	203
Majs	other	990
Mánfa	fa	771
Maráza	other	195
Márfa	fa	221
Máriakéménd	other	509
Markóc	other	68
Marócsa	other	79
Márok	other	427
Martonfa	fa	221
Matty	other	332
Máza	other	1238
Mecseknádasd	other	1585
Mecsekpölöske	other	426
Mekényes	other	277
Merenye	other	275
Meződ	other	123
Mindszentgodisa	other	882
Molvány	other	177
Monyoród	other	176
Mozsgó	other	948
Nagybudmér	other	183
Nagycsány	other	144
Nagydobsza	other	628
Nagyhajmás	other	341
Nagyharsány	other	1496
Nagykozár	other	2065
Nagynyárád	other	695
Nagypall	other	391
Nagypeterd	other	665
Nagytótfalu	falu	357
Nagyváty	other	322
Nemeske	other	238
Nyugotszenterzsébet	other	252
Óbánya	other	160
Ócsárd	other	434
Ófalu	falu	349
Okorág	other	172
Okorvölgy	other	80
Olasz	other	644
Old	other	349
Orfű	other	1073
Oroszló	other	302
Ózdfalu	falu	167
Palé	other	111
Palkonya	other	300
Palotabozsok	other	865
Páprád	other	160
Patapoklosi	other	384
Pécsbagota	other	102
Pécsdevecser	other	112
Pécsudvard	other	819
Pellérd	other	2319
Pereked	other	163
Peterd	other	223
Pettend	other	158
Piskó	other	263
Pócsa	other	182
Pogány	other	1270
Rádfalva	falva	221
Regenye	other	165
Romonya	other	529
Rózsafa	fa	365
Sámod	other	200
Sárok	other	130
Sátorhely	hely	653
Siklósbodony	other	154
Siklósnagyfalu	falu	466
Somberek	other	1487
Somogyapáti	apáti	496
Somogyhárságy	other	451
Somogyhatvan	other	372
Somogyviszló	other	255
Sósvertike	other	180
Sumony	other	486
Szabadszentkirály	other	792
Szágy	other	146
Szajk	other	838
Szalánta	other	1198
Szalatnak	other	314
Szaporca	other	234
Szárász	other	39
Szava	other	365
Szebény	other	385
Szederkény	other	1718
Székelyszabar	other	588
Szellő	other	147
Szemely	other	481
Szentdénes	other	314
Szentegát	other	384
Szentkatalin	other	115
Szentlászló	other	859
Szilágy	other	270
Szilvás	other	150
Szőke	other	131
Szőkéd	other	368
Szörény	other	76
Szulimán	other	264
Szűr	other	272
Tarrós	other	118
Tékes	other	250
Teklafalu	falu	316
Tengeri	other	56
Tésenfa	fa	211
Téseny	other	334
Tófű	other	132
Tormás	other	297
Tótszentgyörgy	györgy	146
Töttös	other	558
Túrony	other	270
Udvar	other	136
Újpetre	other	1050
Várad	other	127
Varga	other	84
Vásárosbéc	other	212
Vásárosdombó	other	1129
Vázsnok	other	125
Vejti	other	167
Vékény	other	158
Velény	other	135
Véménd	other	1437
Versend	other	974
Villánykövesd	other	271
Vokány	other	846
Zádor	other	341
Zaláta	other	255
Zengővárkony	other	435
Zók	other	306
Almáskamarás	other	883
Békéssámson	other	2424
Bélmegyer	other	983
Biharugra	other	927
Bucsa	other	2303
Csabaszabadi	other	301
Csanádapáca	other	2613
Csárdaszállás	szállás	428
Dombiratos	other	581
Ecsegfalva	falva	1239
Gerendás	other	1270
Geszt	other	792
Hunya	other	627
Kamut	other	1071
Kardos	other	588
Kardoskút	kút	839
Kaszaper	other	1848
Kertészsziget	other	386
Kétsoprony	other	1393
Kisdombegyház	other	513
Körösnagyharsány	other	621
Köröstarcsa	other	2521
Körösújfalu	falu	509
Kötegyán	other	1478
Kunágota	other	2788
Lőkösháza	háza	1851
Magyarbánhegyes	other	2233
Magyardombegyház	other	253
Medgyesbodzás	other	1043
Méhkerék	other	2141
Mezőgyán	other	1091
Murony	other	1242
Nagybánhegyes	other	1292
Nagykamarás	other	1366
Okány	other	2561
Örménykút	kút	352
Pusztaföldvár	vár	1709
Pusztaottlaka	other	362
Sarkadkeresztúr	túr	1551
Szabadkígyós	other	2651
Tarhos	other	826
Telekgerendás	other	1528
Újszalonta	other	109
Végegyháza	háza	1371
Zsadány	other	1661
Abaújalpár	other	72
Abaújkér	other	643
Abaújlak	lak	93
Abaújszolnok	other	197
Abaújvár	vár	225
Abod	other	217
Aggtelek	telek	550
Alacska	other	757
Alsóberecki	other	756
Alsódobsza	other	297
Alsógagy	other	99
Alsóregmec	other	187
Alsószuha	other	466
Alsótelekes	other	140
Alsóvadász	other	1575
Arka	other	91
Arnót	other	2488
Ároktő	other	1181
Aszaló	other	1846
Baktakék	other	813
Balajt	other	511
Bánhorváti	other	1377
Bánréve	other	1263
Baskó	other	173
Becskeháza	háza	33
Bekecs	other	2452
Berente	other	1152
Beret	other	300
Berzék	other	1020
Bodroghalom	halom	1374
Bodrogkeresztúr	túr	1102
Bodrogkisfalud	other	908
Bodrogolaszi	other	912
Bódvalenke	other	256
Bódvarákó	other	94
Bódvaszilas	other	1053
Bogács	other	2080
Boldogkőújfalu	falu	597
Boldogkőváralja	other	1000
Boldva	other	2432
Borsodbóta	other	879
Borsodgeszt	other	288
Borsodivánka	other	697
Borsodszentgyörgy	györgy	1219
Borsodszirák	other	1213
Bózsva	other	198
Bőcs	other	2791
Bükkábrány	other	1631
Bükkaranyos	other	1546
Bükkmogyorósd	other	134
Bükkszentkereszt	other	1171
Bükkzsérc	other	968
Büttös	other	189
Csenyéte	other	530
Cserépfalu	falu	979
Cserépváralja	other	415
Csernely	other	758
Csincse	other	578
Csobád	other	685
Csobaj	other	679
Csokvaomány	other	832
Damak	other	252
Dámóc	other	387
Debréte	other	19
Dédestapolcsány	other	1433
Detek	other	275
Domaháza	háza	860
Dövény	other	285
Dubicsány	other	273
Egerlövő	other	530
Égerszög	other	58
Erdőbénye	other	1181
Erdőhorváti	other	597
Fáj	other	457
Fancsal	other	346
Farkaslyuk	other	1995
Felsőberecki	other	283
Felsődobsza	other	960
Felsőgagy	other	233
Felsőkelecsény	other	358
Felsőnyárád	other	981
Felsőregmec	other	364
Felsőtelekes	other	754
Felsővadász	other	569
Filkeháza	háza	129
Fony	other	337
Forró	other	2674
Fulókércs	other	415
Füzér	other	415
Füzérkajata	other	118
Füzérkomlós	other	337
Füzérradvány	other	337
Gadna	other	308
Gagyapáti	apáti	27
Gagybátor	other	215
Gagyvendégi	other	217
Galvács	other	87
Garadna	other	373
Gelej	other	608
Gesztely	other	2775
Gibárt	other	335
Girincs	other	866
Golop	other	567
Gömörszőlős	szőlős	84
Göncruszka	other	678
Györgytarló	other	593
Halmaj	other	1713
Hangács	other	590
Hangony	other	1600
Háromhuta	other	138
Harsány	other	2072
Hegymeg	other	128
Hejce	other	223
Hejőbába	other	1928
Hejőkeresztúr	túr	1017
Hejőkürt	other	266
Hejőpapi	other	1175
Hejőszalonta	other	848
Hercegkút	kút	664
Hernádbűd	other	130
Hernádcéce	other	233
Hernádkak	other	1687
Hernádkércs	other	314
Hernádnémeti	other	3599
Hernádpetri	other	259
Hernádszentandrás	other	429
Hernádszurdok	other	180
Hernádvécse	other	1107
Hét	other	499
Hidasnémeti	other	1140
Hidvégardó	other	591
Hollóháza	háza	861
Homrogd	other	932
Igrici	other	1233
Imola	other	97
Ináncs	other	1229
Irota	other	77
Jákfalva	falva	531
Járdánháza	háza	1838
Jósvafő	other	274
Kács	other	502
Kánó	other	160
Kány	other	60
Karcsa	other	1882
Karos	other	527
Kázsmárk	other	1026
Kéked	other	191
Kelemér	other	512
Kenézlő	other	1233
Keresztéte	other	35
Kesznyéten	other	1797
Királd	other	796
Kiscsécs	other	204
Kisgyőr	other	1705
Kishuta	other	304
Kiskinizs	other	342
Kisrozvágy	other	193
Kissikátor	other	308
Kistokaj	other	2201
Komjáti	other	227
Komlóska	other	273
Kondó	other	611
Korlát	other	316
Kovácsvágás	other	665
Köröm	other	1598
Krasznokvajda	other	516
Kupa	other	186
Kurityán	other	1592
Lácacséke	other	326
Ládbesenyő	other	280
Lak	other	681
Legyesbénye	other	1526
Léh	other	454
Lénárddaróc	other	266
Litka	other	48
Mád	other	2187
Makkoshotyka	other	882
Mályi	other	4205
Mályinka	other	475
Martonyi	other	424
Megyaszó	other	2774
Méra	other	1727
Meszes	other	175
Mezőnagymihály	other	1017
Mezőnyárád	other	1627
Mezőzombor	other	2467
Mikóháza	háza	540
Mogyoróska	other	81
Monaj	other	257
Monok	other	1521
Muhi	other	502
Nagybarca	other	882
Nagycsécs	other	805
Nagyhuta	other	64
Nagykinizs	other	357
Nagyrozvágy	other	707
Négyes	other	280
Nekézseny	other	687
Nemesbikk	other	927
Novajidrány	other	1394
Nyésta	other	38
Nyíri	other	420
Nyomár	other	317
Olaszliszka	other	1713
Ónod	other	2405
Ormosbánya	other	1651
Oszlár	other	391
Pácin	other	1498
Pamlény	other	50
Pányok	other	63
Parasznya	other	1197
Pere	other	344
Perecse	other	27
Perkupa	other	884
Prügy	other	2596
Pusztafalu	falu	200
Pusztaradvány	other	228
Radostyán	other	586
Ragály	other	619
Rakaca	other	903
Rakacaszend	other	389
Rásonysápberencs	other	556
Rátka	other	925
Regéc	other	94
Répáshuta	other	452
Révleányvár	vár	508
Rudolftelep	other	751
Sajóecseg	other	1075
Sajógalgóc	other	370
Sajóhídvég	other	1173
Sajóivánka	other	648
Sajókápolna	other	392
Sajókaza	other	3114
Sajókeresztúr	túr	1535
Sajólád	other	3010
Sajólászlófalva	falva	436
Sajómercse	other	226
Sajónémeti	other	497
Sajóörös	other	1332
Sajópálfala	other	746
Sajópetri	other	1562
Sajópüspöki	other	530
Sajósenye	other	418
Sajószöged	other	2268
Sajóvámos	other	2150
Sajóvelezd	other	803
Sály	other	1822
Sárazsadány	other	250
Sáta	other	1185
Selyeb	other	488
Semjén	other	547
Serényfalva	falva	1004
Sima	other	33
Sóstófalva	falva	262
Szakácsi	other	188
Szakáld	other	516
Szalaszend	other	1082
Szalonna	other	1032
Szászfa	fa	123
Szegi	other	307
Szegilong	other	259
Szemere	other	417
Szendrőlád	other	2139
Szentistvánbaksa	other	273
Szin	other	841
Szinpetri	other	221
Szomolya	other	1594
Szögliget	other	622
Szőlősardó	other	115
Szuhafő	other	149
Szuhakálló	other	1006
Szuhogy	other	1130
Taktabáj	other	607
Taktakenéz	other	1277
Taktaszada	other	1955
Tállya	other	1852
Tarcal	other	2851
Tard	other	1177
Tardona	other	1034
Telkibánya	other	606
Teresztenye	other	24
Tibolddaróc	other	1364
Tiszabábolna	other	355
Tiszacsermely	other	582
Tiszadorogma	other	377
Tiszakarád	other	2480
Tiszakeszi	other	2654
Tiszaladány	other	617
Tiszapalkonya	other	1468
Tiszatardos	other	245
Tiszatarján	other	1436
Tiszavalk	other	305
Tolcsva	other	1759
Tomor	other	235
Tornabarakony	other	20
Tornakápolna	other	36
Tornanádaska	other	759
Tornaszentandrás	other	184
Tornaszentjakab	other	220
Tornyosnémeti	other	496
Trizs	other	213
Újcsanálos	other	876
Uppony	other	292
Vadna	other	623
Vágáshuta	other	99
Vajdácska	other	1288
Vámosújfalu	falu	751
Varbó	other	1124
Varbóc	other	55
Vatta	other	883
Vilmány	other	1492
Vilyvitány	other	258
Viss	other	671
Viszló	other	70
Vizsoly	other	943
Zádorfalva	falva	502
Zalkod	other	219
Zemplénagárd	other	773
Ziliz	other	394
Zsujta	other	175
Zubogy	other	540
Ambrózfalva	falva	507
Apátfalva	falva	3028
Árpádhalom	halom	496
Ásotthalom	halom	4030
Baks	other	2057
Balástya	other	3495
Bordány	other	3227
Csanádalberti	other	468
Csanytelek	telek	2660
Csengele	other	2019
Derekegyház	other	1594
Deszk	other	3872
Dóc	other	753
Domaszék	other	5086
Eperjes	other	485
Fábiánsebestyén	other	1952
Felgyő	other	1202
Ferencszállás	szállás	649
Forráskút	kút	2107
Földeák	other	3057
Királyhegyes	other	635
Kiszombor	other	3887
Klárafalva	falva	526
Kövegy	other	396
Kübekháza	háza	1564
Magyarcsanád	other	1505
Maroslele	other	2069
Mártély	other	1298
Nagyér	other	555
Nagylak	lak	513
Nagytőke	other	431
Óföldeák	other	481
Ópusztaszer	other	2172
Öttömös	other	713
Pitvaros	other	1404
Pusztamérges	other	1091
Pusztaszer	other	1421
Röszke	other	3559
Ruzsa	other	2529
Szatymaz	other	4932
Székkutas	other	2094
Tiszasziget	other	1808
Tömörkény	other	1724
Újszentiván	other	2049
Üllés	other	3107
Zákányszék	other	2865
Zsombó	other	3534
Alap	other	2003
Alcsútdoboz	other	1439
Alsószentiván	other	584
Bakonycsernye	other	3070
Bakonykúti	other	148
Balinka	other	952
Baracs	other	3526
Baracska	other	2790
Beloiannisz	other	1151
Besnyő	other	1722
Bodmér	other	243
Csabdi	other	1271
Csákberény	berény	1181
Csókakő	other	1431
Csór	other	1880
Csősz	other	1029
Daruszentmiklós	miklós	1290
Dég	other	2226
Etyek	other	4313
Fehérvárcsurgó	other	2054
Felcsút	other	1892
Füle	other	877
Gánt	other	815
Gyúró	other	1257
Hantos	other	942
Igar	other	947
Iszkaszentgyörgy	györgy	2112
Isztimér	other	927
Iváncsa	other	2802
Jenő	other	1263
Kajászó	other	1106
Káloz	other	2401
Kápolnásnyék	other	3884
Kincsesbánya	other	1539
Kisapostag	other	1447
Kisláng	other	2530
Kőszárhegy	other	1570
Kulcs	other	3231
Lovasberény	berény	2632
Magyaralmás	other	1582
Mány	other	2508
Mátyásdomb	other	744
Mezőkomárom	other	954
Mezőszentgyörgy	györgy	1344
Mezőszilas	other	2140
Moha	other	563
Nadap	other	620
Nádasdladány	other	1811
Nagykarácsony	other	1416
Nagylók	other	1085
Nagyveleg	other	632
Nagyvenyim	other	4174
Óbarok	other	815
Pákozd	other	3324
Pátka	other	1715
Pázmánd	other	2190
Pusztavám	other	2479
Ráckeresztúr	túr	3437
Sáregres	other	695
Sárkeresztes	other	1528
Sárkeresztúr	túr	2598
Sárkeszi	other	601
Sárszentágota	other	1378
Sárszentmihály	other	3134
Söréd	other	529
Sukoró	other	1613
Szabadegyháza	háza	2196
Szabadhídvég	other	849
Szár	other	1712
Tabajd	other	1012
Tác	other	1763
Tordas	other	2073
Újbarok	other	436
Úrhida	other	2508
Vajta	other	895
Vál	other	2576
Vereb	other	818
Vértesacsa	other	1866
Vértesboglár	other	911
Zámoly	other	2413
Zichyújfalu	falu	958
Abda	other	3329
Acsalag	other	475
Ágfalva	falva	2282
Agyagosszergény	other	900
Árpás	other	259
Ásványráró	other	2013
Babót	other	1107
Bágyogszovát	other	1324
Bakonygyirót	other	150
Bakonypéterd	other	281
Bakonyszentlászló	other	1759
Barbacs	other	768
Bezenye	other	1426
Bezi	other	521
Bodonhely	hely	313
Bogyoszló	other	613
Bőny	other	2246
Börcs	other	1335
Cakóháza	háza	54
Cirák	other	545
Csáfordjánosfa	fa	222
Csapod	other	581
Csér	other	37
Csikvánd	other	489
Darnózseli	other	1563
Dénesfa	fa	420
Dör	other	615
Dunakiliti	other	1955
Dunaremete	other	244
Dunaszeg	szeg	2133
Dunaszentpál	other	742
Dunasziget	other	1637
Ebergőc	other	162
Écs	other	2026
Edve	other	117
Egyed	other	552
Egyházasfalu	falu	875
Enese	other	1790
Farád	other	1937
Fehértó	tó	485
Feketeerdő	other	617
Felpéc	other	936
Fenyőfő	other	111
Fertőboz	other	307
Fertőendréd	other	616
Fertőhomok	other	821
Fertőrákos	other	2265
Fertőszéplak	lak	1296
Gönyű	other	3250
Gyalóka	other	77
Gyarmat	other	1382
Gyóró	other	390
Gyömöre	other	1241
Győrasszonyfa	fa	535
Győrladamér	other	1831
Győrság	other	1516
Győrsövényház	other	782
Győrszemere	other	3286
Győrújbarát	other	6898
Győrújfalu	falu	1951
Győrzámoly	other	3003
Halászi	other	3159
Harka	other	2339
Hédervár	vár	1240
Hegykő	other	1510
Hidegség	other	430
Himod	other	666
Hövej	other	315
Ikrény	other	1917
Iván	other	1264
Jobaháza	háza	557
Kajárpéc	other	1260
Károlyháza	háza	566
Kimle	other	2283
Kisbabot	other	225
Kisbajcs	other	901
Kisbodak	other	376
Kisfalud	other	735
Kóny	other	2710
Kópháza	háza	2077
Koroncó	other	2270
Kunsziget	other	1263
Lázi	other	559
Levél	other	1972
Lipót	other	759
Lövő	other	1430
Maglóca	other	86
Magyarkeresztúr	túr	462
Máriakálnok	other	1996
Markotabödöge	other	478
Mecsér	other	617
Mérges	other	107
Mezőörs	other	953
Mihályi	other	1112
Mórichida	other	816
Mosonszentmiklós	miklós	2485
Mosonszolnok	other	1778
Mosonudvar	other	452
Nagybajcs	other	1001
Nagylózs	other	1041
Nagyszentjános	other	1860
Nemeskér	other	204
Nyalka	other	470
Nyúl	other	4425
Osli	other	881
Öttevény	other	3072
Páli	other	475
Pásztori	other	400
Pázmándfalu	falu	1073
Pér	other	2562
Pereszteg	other	1457
Petőháza	háza	1083
Pinnye	other	349
Potyond	other	109
Pusztacsalád	other	287
Püski	other	636
Rábacsanak	other	509
Rábacsécsény	other	583
Rábakecöl	other	705
Rábapatona	other	2601
Rábapordány	other	981
Rábasebes	other	76
Rábaszentandrás	other	461
Rábaszentmihály	other	512
Rábaszentmiklós	miklós	142
Rábatamási	other	976
Rábcakapi	other	165
Rajka	other	3374
Ravazd	other	1291
Répceszemere	other	292
Répcevis	other	351
Rétalap	other	606
Románd	other	313
Röjtökmuzsaj	other	448
Sarród	other	970
Sikátor	other	336
Sobor	other	287
Sokorópátka	other	1136
Sopronhorpács	other	835
Sopronkövesd	other	1269
Sopronnémeti	other	317
Szakony	other	446
Szárföld	other	1027
Szerecseny	other	778
Szil	other	1367
Szilsárkány	other	725
Táp	other	736
Tápszentmiklós	miklós	943
Tarjánpuszta	other	428
Tárnokréti	other	195
Tényő	other	1673
Töltéstava	other	2415
Újkér	other	1000
Újrónafő	other	869
Und	other	331
Vadosfa	fa	97
Vág	other	539
Vámosszabadi	other	2768
Várbalog	other	404
Vásárosfalu	falu	161
Vének	other	181
Veszkény	other	957
Veszprémvarsány	other	1076
Vitnyéd	other	1386
Völcsej	other	403
Zsebeháza	háza	139
Zsira	other	862
Álmosd	other	1801
Ártánd	other	638
Bakonszeg	szeg	1194
Báránd	other	2633
Bedő	other	365
Berekböszörmény	other	2063
Bihardancsháza	háza	181
Biharnagybajom	other	2822
Bihartorda	other	953
Bocskaikert	other	3432
Bojt	other	598
Darvas	other	554
Ebes	other	4723
Esztár	other	1427
Folyás	other	325
Furta	other	1174
Fülöp	other	1770
Gáborján	other	897
Görbeháza	háza	2434
Hajdúbagos	other	2103
Hajdúszovát	other	3141
Hencida	other	1253
Hortobágy	other	1499
Kismarja	other	1310
Kokad	other	685
Konyár	other	2233
Körösszakál	other	800
Körösszegapáti	apáti	1072
Magyarhomorog	other	898
Mezőpeterd	other	642
Mezősas	other	695
Mikepércs	other	4871
Monostorpályi	other	2188
Nagyhegyes	other	2786
Nagykereki	other	1394
Nyíracsád	other	3815
Nyírmártonfalva	falva	2045
Sáp	other	943
Sáránd	other	2382
Szentpéterszeg	szeg	1138
Szerep	other	1577
Tépe	other	1072
Tetétlen	other	1355
Tiszagyulaháza	háza	732
Told	other	399
Újiráz	other	559
Újléta	other	1118
Újszentmargita	other	1469
Újtikos	other	884
Váncsod	other	1219
Vekerd	other	119
Abasár	other	2467
Adács	other	2617
Aldebrő	other	695
Andornaktálya	other	2771
Apc	other	2463
Átány	other	1522
Atkár	other	1848
Balaton	other	1060
Bátor	other	361
Bekölce	other	652
Besenyőtelek	telek	2698
Boconád	other	1293
Bodony	other	731
Boldog	other	2980
Bükkszék	other	675
Bükkszenterzsébet	other	1012
Bükkszentmárton	márton	326
Csány	other	2148
Demjén	other	613
Detk	other	1170
Domoszló	other	1966
Dormánd	other	1010
Ecséd	other	3141
Egerbakta	other	1465
Egerbocs	other	545
Egercsehi	other	1348
Egerfarmos	other	692
Egerszalók	other	1930
Egerszólát	other	1098
Erdőkövesd	other	619
Erdőtelek	telek	3283
Erk	other	935
Fedémes	other	303
Feldebrő	other	995
Felsőtárkány	other	3592
Gyöngyöshalász	other	2605
Gyöngyösoroszi	other	1500
Gyöngyössolymos	other	2958
Gyöngyöstarján	other	2309
Halmajugra	other	1397
Heréd	other	1922
Hevesaranyos	other	600
Hevesvezekény	other	680
Hort	other	3601
Istenmezeje	other	1447
Ivád	other	389
Kápolna	other	1558
Karácsond	other	3006
Kerecsend	other	2453
Kerekharaszt	other	1007
Kisfüzes	other	135
Kisnána	other	1006
Kompolt	other	2038
Kömlő	other	1975
Ludas	other	759
Maklár	other	2423
Markaz	other	1726
Mátraballa	other	740
Mátraderecske	other	1852
Mátraszentimre	other	485
Mezőszemere	other	1149
Mezőtárkány	other	1601
Mikófalva	falva	703
Mónosbél	other	384
Nagyfüged	other	1753
Nagykökényes	other	590
Nagyréde	other	3281
Nagytálya	other	863
Nagyút	other	684
Nagyvisnyó	other	946
Noszvaj	other	1899
Novaj	other	1373
Ostoros	other	2724
Pálosvörösmart	other	632
Parádsasvár	vár	424
Pély	other	1480
Petőfibánya	other	2702
Poroszló	other	2865
Rózsaszentmárton	márton	1971
Sarud	other	1199
Sirok	other	1778
Szajla	other	595
Szarvaskő	other	361
Szentdomonkos	other	521
Szihalom	halom	1988
Szilvásvárad	other	1586
Szúcs	other	406
Szűcsi	other	1537
Tarnabod	other	756
Tarnalelesz	other	1725
Tarnaméra	other	1647
Tarnaörs	other	1812
Tarnaszentmária	other	236
Tarnaszentmiklós	miklós	847
Tarnazsadány	other	1302
Tenk	other	1197
Terpes	other	212
Tiszanána	other	2477
Tófalu	falu	574
Újlőrincfalva	falva	214
Vámosgyörk	other	2005
Váraszó	other	479
Vécs	other	642
Visonta	other	1245
Visznek	other	1072
Zagyvaszántó	tó	1905
Zaránk	other	439
Ácsteszér	other	677
Aka	other	250
Almásfüzitő	other	2111
Annavölgy	other	916
Ászár	other	1730
Baj	other	2860
Bajna	other	1972
Bajót	other	1627
Bakonybánk	other	453
Bakonysárkány	other	996
Bakonyszombathely	hely	1395
Bana	other	1632
Bársonyos	other	756
Bokod	other	2168
Császár	other	1866
Csatka	other	245
Csém	other	424
Csép	other	368
Csolnok	other	3258
Dad	other	1032
Dág	other	945
Dömös	other	1211
Dunaalmás	other	1587
Dunaszentmiklós	miklós	495
Epöl	other	641
Ete	other	621
Gyermely	other	1517
Héreg	other	1051
Kecskéd	other	2059
Kerékteleki	other	714
Kesztölc	other	2720
Kisigmánd	other	527
Kocs	other	2593
Kömlőd	other	1086
Környe	other	4670
Leányvár	vár	1851
Máriahalom	halom	674
Mocsa	other	2136
Mogyorósbánya	other	900
Nagysáp	other	1487
Naszály	other	2415
Neszmély	other	1349
Piliscsév	other	2494
Pilismarót	other	2114
Réde	other	1318
Sárisáp	other	2804
Súr	other	1223
Süttő	other	2069
Szákszend	other	1474
Szárliget	other	2494
Szomód	other	2182
Szomor	other	1113
Tardos	other	1659
Tarján	other	2647
Tárkány	other	1483
Tokodaltáró	other	3033
Úny	other	746
Várgesztes	other	618
Vérteskethely	hely	597
Vértessomló	other	1380
Vértesszőlős	szőlős	3286
Vértestolna	other	572
Alsópetény	other	580
Alsótold	other	239
Bánk	other	665
Bárna	other	1019
Becske	other	586
Bér	other	356
Bercel	other	1757
Berkenye	other	642
Bokor	other	114
Borsosberény	berény	930
Buják	other	2112
Cered	other	1072
Csécse	other	911
Cserháthaláp	other	369
Cserhátsurány	other	789
Cserhátszentiván	other	118
Csesztve	other	331
Csitár	other	424
Debercsény	other	82
Dejtár	other	1453
Diósjenő	other	2957
Dorogháza	háza	1033
Drégelypalánk	other	1461
Ecseg	other	1204
Egyházasdengeleg	other	450
Egyházasgerge	other	716
Endrefalva	falva	1241
Erdőkürt	other	530
Erdőtarcsa	other	533
Érsekvadkert	other	3649
Etes	other	1381
Felsőpetény	other	608
Felsőtold	other	121
Galgaguta	other	639
Garáb	other	50
Héhalom	halom	995
Herencsény	other	588
Hollókő	other	332
Hont	other	504
Horpács	other	169
Hugyag	other	858
Iliny	other	160
Ipolyszög	other	641
Ipolytarnóc	other	461
Ipolyvece	other	813
Jobbágyi	other	2054
Kálló	other	1592
Karancsalja	other	1516
Karancsberény	berény	832
Karancskeszi	other	1821
Karancslapujtő	other	2611
Karancsság	other	1312
Kazár	other	1764
Keszeg	szeg	708
Kétbodony	other	449
Kisbágyon	other	439
Kisbárkány	other	163
Kisecset	other	170
Kishartyán	other	567
Kozárd	other	164
Kutasó	other	111
Legénd	other	487
Litke	other	859
Lucfalva	falva	628
Ludányhalászi	other	1455
Magyargéc	other	872
Magyarnándor	other	1129
Márkháza	háza	256
Mátramindszent	other	798
Mátranovák	other	1708
Mátraszele	other	909
Mátraszőlős	szőlős	1527
Mátraterenye	other	1789
Mátraverebély	other	1930
Mihálygerge	other	537
Mohora	other	1006
Nagybárkány	other	666
Nagykeresztúr	túr	260
Nagylóc	other	1477
Nagyoroszi	other	2072
Nemti	other	719
Nézsa	other	1182
Nógrád	other	1564
Nógrádkövesd	other	660
Nógrádmarcal	other	487
Nógrádmegyer	other	1669
Nógrádsáp	other	887
Nógrádsipek	other	700
Nógrádszakál	other	665
Nőtincs	other	1150
Őrhalom	halom	1026
Ősagárd	other	344
Palotás	other	1603
Patak	other	889
Patvarc	other	742
Piliny	other	590
Pusztaberki	other	136
Rákóczibánya	other	639
Rimóc	other	1750
Romhány	other	2138
Ságújfalu	falu	1020
Sámsonháza	háza	288
Somoskőújfalu	falu	2227
Sóshartyán	other	939
Szalmatercs	other	460
Szanda	other	627
Szarvasgede	other	399
Szátok	other	599
Szécsénke	other	209
Szécsényfelfalu	falu	426
Szendehely	hely	1611
Szente	other	354
Szilaspogony	other	310
Szirák	other	1133
Szuha	other	531
Szurdokpüspöki	other	1899
Szügy	other	1473
Tar	other	1894
Terény	other	381
Tereske	other	689
Tolmács	other	756
Vanyarc	other	1239
Varsány	other	1628
Vizslás	other	1349
Zabar	other	513
Acsa	other	1372
Apaj	other	1212
Áporka	other	1259
Bénye	other	1271
Bernecebaráti	other	830
Budajenő	other	2035
Ceglédbercel	other	4373
Csemő	other	4587
Csévharaszt	other	2007
Csobánka	other	3453
Csomád	other	1631
Csörög	other	2148
Csővár	vár	642
Dánszentmiklós	miklós	2905
Dány	other	4434
Délegyháza	háza	4399
Domony	other	2187
Dunabogdány	other	3234
Ecser	other	3950
Erdőkertes	other	8402
Farmos	other	3541
Felsőpakony	other	3671
Galgagyörk	other	1014
Galgahévíz	other	2633
Galgamácsa	other	1923
Gomba	other	3030
Herceghalom	halom	2578
Hernád	other	4203
Hévízgyörk	other	3155
Iklad	other	2087
Inárcs	other	4700
Ipolydamásd	other	397
Ipolytölgyes	other	339
Jászkarajenő	other	2680
Kakucs	other	3094
Káva	other	670
Kemence	other	966
Kismaros	other	2314
Kisnémedi	other	741
Kisoroszi	other	988
Kocsér	other	1785
Kóka	other	4513
Kosd	other	2459
Kóspallag	other	727
Kőröstetétlen	other	798
Letkés	other	1183
Lórév	other	327
Majosháza	háza	1676
Makád	other	1214
Márianosztra	other	813
Mende	other	4151
Mikebuda	other	736
Monorierdő	other	4666
Nagybörzsöny	other	713
Nagytarcsa	other	4313
Nyáregyháza	háza	3792
Nyársapát	other	2104
Pánd	other	1995
Páty	other	7715
Penc	other	1523
Perbál	other	2115
Perőcsény	other	326
Péteri	other	2389
Pilisborosjenő	other	3822
Pilisjászfalu	falu	1734
Pilisszántó	tó	2606
Pilisszentiván	other	4486
Pilisszentkereszt	other	2167
Pilisszentlászló	other	1268
Pócsmegyer	other	2450
Pusztavacs	other	1360
Pusztazámor	other	1221
Püspökhatvan	other	1414
Püspökszilágy	other	722
Rád	other	1905
Remeteszőlős	szőlős	976
Sóskút	kút	3396
Szada	other	5230
Szentlőrinckáta	other	1918
Szentmártonkáta	other	5012
Szigetbecse	other	1384
Szigetcsép	other	2431
Szigetmonostor	other	2744
Szigetszentmárton	márton	2361
Szigetújfalu	falu	2179
Szokolya	other	1879
Sződ	other	2952
Sződliget	other	4605
Táborfalva	falva	3403
Tahitótfalu	falu	5944
Tápióbicske	other	3658
Tápiógyörgye	other	3520
Tápióság	other	2768
Tápiószőlős	szőlős	3046
Tatárszentgyörgy	györgy	2031
Telki	other	4119
Tésa	other	84
Tinnye	other	1758
Tóalmás	other	3584
Tök	other	1407
Törtel	other	4248
Újlengyel	other	1747
Újszilvás	other	2760
Úri	other	2582
Üröm	other	7618
Vácduka	other	1587
Vácegres	other	868
Váchartyán	other	1867
Váckisújfalu	falu	480
Vácrátót	other	1870
Vácszentlászló	other	2084
Vámosmikola	other	1533
Vasad	other	2042
Verőce	other	3817
Verseg	other	1344
Zebegény	other	1251
Zsámbok	other	2464
Ádánd	other	2151
Alsóbogát	other	265
Andocs	other	1100
Babócsa	other	1470
Bábonymegyer	other	816
Bakháza	háza	195
Balatonberény	berény	1191
Balatonendréd	other	1382
Balatonfenyves	other	2225
Balatonkeresztúr	túr	1620
Balatonmáriafürdő	other	771
Balatonőszöd	other	555
Balatonszabadi	other	3007
Balatonszemes	other	1851
Balatonszentgyörgy	györgy	1700
Balatonújlak	lak	485
Balatonvilágos	other	1445
Bálványos	other	601
Bárdudvarnok	other	1178
Baté	other	811
Bedegkér	other	413
Bélavár	vár	347
Beleg	other	637
Bodrog	other	409
Bolhás	other	429
Bolhó	other	743
Bonnya	other	258
Böhönye	other	2317
Bőszénfa	fa	502
Buzsák	other	1525
Büssü	other	417
Csákány	other	304
Cserénfa	fa	211
Csokonyavisonta	other	1539
Csoma	other	437
Csombárd	other	265
Csököly	other	1078
Csömend	other	294
Csurgónagymarton	other	172
Darány	other	931
Drávagárdony	other	162
Drávatamási	other	401
Ecseny	other	223
Edde	other	208
Felsőmocsolád	other	395
Fiad	other	144
Fonó	other	306
Főnyed	other	83
Gadács	other	95
Gadány	other	351
Gálosfa	fa	243
Gamás	other	771
Gige	other	396
Gölle	other	886
Görgeteg	other	1159
Gyékényes	other	1022
Gyugy	other	307
Hács	other	385
Hajmás	other	247
Háromfa	fa	733
Hedrehely	hely	427
Hencse	other	338
Heresznye	other	272
Hetes	other	1179
Hollád	other	264
Homokszentgyörgy	györgy	1091
Hosszúvíz	other	50
Iharos	other	495
Iharosberény	berény	1312
Inke	other	1242
Istvándi	other	603
Jákó	other	639
Juta	other	1195
Kálmáncsa	other	611
Kánya	other	438
Kapoly	other	658
Kaposfő	other	1567
Kaposgyarmat	other	92
Kaposhomok	other	471
Kaposkeresztúr	túr	357
Kaposmérő	other	2458
Kaposszerdahely	hely	1021
Kaposújlak	lak	736
Kára	other	73
Karád	other	1565
Kastélyosdombó	other	238
Kaszó	other	99
Kazsok	other	321
Kelevíz	other	353
Kercseliget	other	413
Kereki	other	533
Kéthely	hely	2322
Kisasszond	other	182
Kisbajom	other	424
Kisbárapáti	apáti	401
Kisberény	berény	193
Kisgyalán	other	224
Kiskorpád	other	924
Komlósd	other	176
Kőkút	kút	562
Kőröshegy	other	1455
Kötcse	other	537
Kutas	other	1483
Lábod	other	1886
Lad	other	596
Lakócsa	other	602
Látrány	other	1381
Libickozma	other	40
Lulla	other	218
Magyaratád	other	811
Magyaregres	other	619
Mernye	other	1348
Mesztegnyő	other	1304
Mezőcsokonya	other	1217
Mike	other	644
Miklósi	other	227
Mosdós	other	931
Nágocs	other	613
Nagyberény	berény	1359
Nagyberki	other	1482
Nagycsepely	other	398
Nagykorpád	other	579
Nagyszakácsi	other	477
Nemesdéd	other	806
Nemeskisfalud	other	132
Nemesvid	other	756
Nikla	other	795
Nyim	other	337
Orci	other	549
Ordacsehi	other	845
Osztopán	other	789
Öreglak	lak	1539
Őrtilos	other	484
Ötvöskónyi	other	948
Pálmajor	other	370
Pamuk	other	302
Patalom	other	332
Patca	other	56
Patosfa	fa	255
Péterhida	other	170
Pogányszentpéter	other	506
Polány	other	261
Porrog	other	220
Porrogszentkirály	other	289
Porrogszentpál	other	87
Potony	other	191
Pusztakovácsi	other	876
Pusztaszemes	other	393
Ráksi	other	456
Rinyabesenyő	other	205
Rinyakovácsi	other	182
Rinyaszentkirály	other	431
Rinyaújlak	lak	306
Rinyaújnép	other	51
Ságvár	vár	1894
Sántos	other	516
Sávoly	other	520
Segesd	other	2549
Sérsekszőlős	szőlős	147
Simonfa	fa	362
Siójut	other	645
Som	other	697
Somodor	other	403
Somogyacsa	other	181
Somogyaracs	other	182
Somogyaszaló	other	763
Somogybabod	other	486
Somogybükkösd	other	89
Somogycsicsó	other	161
Somogydöröcske	other	161
Somogyegres	other	205
Somogyfajsz	other	549
Somogygeszti	other	463
Somogyjád	other	1563
Somogymeggyes	other	490
Somogysámson	other	740
Somogysárd	other	1280
Somogysimonyi	other	103
Somogyszentpál	other	821
Somogyszil	other	725
Somogyszob	other	1546
Somogytúr	túr	470
Somogyudvarhely	hely	1042
Somogyvámos	other	794
Somogyvár	vár	1774
Somogyzsitfa	fa	562
Szabadi	other	292
Szabás	other	571
Szántód	other	677
Szegerdő	other	225
Szenna	other	763
Szenta	other	411
Szentbalázs	other	315
Szentborbás	other	131
Szentgáloskér	other	531
Szenyér	other	357
Szilvásszentmárton	márton	210
Szólád	other	575
Szorosad	other	102
Szőkedencs	other	279
Szőlősgyörök	other	1271
Szulok	other	609
Tapsony	other	711
Tarany	other	1179
Táska	other	401
Taszár	other	1975
Teleki	other	229
Tengőd	other	449
Tikos	other	138
Torvaj	other	264
Tótújfalu	falu	250
Törökkoppány	other	391
Újvárfalva	falva	277
Varászló	other	162
Várda	other	489
Vése	other	749
Visnye	other	253
Visz	other	206
Vízvár	vár	541
Vörs	other	511
Zákány	other	1122
Zákányfalu	falu	521
Zala	other	245
Zics	other	350
Zimány	other	555
Zselickisfalud	other	242
Zselickislak	lak	425
Zselicszentpál	other	412
Anarcs	other	2041
Apagy	other	2398
Aranyosapáti	apáti	2197
Balsa	other	789
Barabás	other	1226
Bátorliget	other	663
Benk	other	462
Beregdaróc	other	1040
Beregsurány	other	1184
Berkesz	other	801
Besenyőd	other	824
Beszterec	other	1040
Biri	other	1381
Botpalád	other	954
Bököny	other	3159
Buj	other	2269
Cégénydányád	other	655
Csaholc	other	766
Csaroda	other	644
Császló	other	414
Csegöld	other	695
Csengersima	other	811
Csengerújfalu	falu	1093
Darnó	other	185
Döge	other	2353
Encsencs	other	1970
Eperjeske	other	1233
Érpatak	other	1767
Fábiánháza	háza	1884
Fényeslitke	other	2550
Fülesd	other	511
Fülpösdaróc	other	347
Gacsály	other	1047
Garbolc	other	153
Géberjén	other	515
Gégény	other	1927
Gelénes	other	656
Gemzse	other	984
Geszteréd	other	1816
Gulács	other	1136
Győröcske	other	171
Győrtelek	telek	1722
Gyulaháza	háza	1997
Gyügye	other	306
Gyüre	other	1348
Hermánszeg	szeg	273
Hetefejércse	other	310
Ilk	other	1411
Jánd	other	827
Jánkmajtis	other	1835
Jármi	other	1291
Jéke	other	749
Kálmánháza	háza	1867
Kántorjánosi	other	2142
Kék	other	2015
Kékcse	other	1634
Kérsemjén	other	308
Kisar	other	1151
Kishódos	other	92
Kisléta	other	1824
Kisnamény	other	337
Kispalád	other	1296
Kisszekeres	other	569
Kisvarsány	other	1058
Kocsord	other	3070
Komlódtótfalu	falu	130
Komoró	other	1336
Kótaj	other	4586
Kömörő	other	637
Laskod	other	955
Lónya	other	1281
Lövőpetri	other	514
Magosliget	other	333
Magy	other	964
Mánd	other	315
Márokpapi	other	680
Mátyus	other	332
Méhtelek	telek	824
Mezőladány	other	1110
Milota	other	1035
Nábrád	other	935
Nagyar	other	702
Nagycserkesz	other	1777
Nagydobos	other	2297
Nagyhódos	other	152
Nagyszekeres	other	566
Nagyvarsány	other	1456
Napkor	other	3845
Nemesborzova	other	125
Nyírbogdány	other	2963
Nyírcsaholy	other	2339
Nyírcsászári	other	1289
Nyírderzs	other	632
Nyírgelse	other	1137
Nyírgyulaj	other	2051
Nyíribrony	other	1180
Nyírjákó	other	857
Nyírkarász	other	2348
Nyírkáta	other	2110
Nyírkércs	other	787
Nyírlövő	other	738
Nyírmeggyes	other	2775
Nyírmihálydi	other	2286
Nyírparasznya	other	997
Nyírpazony	other	3676
Nyírpilis	other	942
Nyírtass	other	2028
Nyírtét	other	1067
Nyírtura	other	1936
Nyírvasvári	other	2060
Ófehértó	tó	2615
Olcsva	other	764
Olcsvaapáti	apáti	325
Ópályi	other	3278
Ömböly	other	484
Őr	other	1560
Panyola	other	602
Pap	other	1945
Papos	other	862
Paszab	other	1310
Pátroha	other	3153
Pátyod	other	692
Penészlek	other	1057
Penyige	other	802
Petneháza	háza	1787
Piricse	other	1936
Pócspetri	other	1742
Pusztadobos	other	1592
Ramocsaháza	háza	1544
Rápolt	other	173
Rétközberencs	other	1186
Rohod	other	1281
Rozsály	other	790
Sényő	other	1441
Sonkád	other	878
Szabolcs	other	369
Szabolcsbáka	other	1196
Szabolcsveresmart	other	1558
Szakoly	other	2824
Szamosangyalos	other	974
Szamosbecs	other	414
Szamoskér	other	421
Szamossályi	other	747
Szamosszeg	szeg	1925
Szamostatárfalva	falva	325
Szamosújlak	lak	395
Szatmárcseke	other	1662
Székely	other	1090
Szorgalmatos	other	1077
Tákos	other	355
Terem	other	682
Tiborszállás	szállás	1011
Timár	other	1384
Tiszaadony	other	678
Tiszabercel	other	1877
Tiszabezdéd	other	1990
Tiszacsécse	other	262
Tiszadada	other	2240
Tiszaeszlár	other	2667
Tiszakanyár	other	1659
Tiszakerecseny	other	1059
Tiszakóród	other	862
Tiszamogyorós	other	725
Tiszanagyfalu	falu	1929
Tiszarád	other	619
Tiszaszalka	other	948
Tiszaszentmárton	márton	1231
Tiszatelek	telek	1409
Tiszavid	other	598
Tisztaberek	other	757
Tivadar	other	223
Tornyospálca	other	2954
Tunyogmatolcs	other	2571
Túristvándi	other	806
Túrricse	other	743
Újdombrád	other	706
Újkenéz	other	1039
Ura	other	638
Uszka	other	594
Vállaj	other	1289
Vámosatya	other	600
Vámosoroszi	other	568
Vasmegyer	other	1739
Zajta	other	469
Zsarolyán	other	442
Zsurk	other	756
Alattyán	other	2002
Berekfürdő	other	1281
Csataszög	other	325
Csépa	other	1707
Cserkeszőlő	other	2306
Hunyadfalva	falva	212
Jánoshida	other	2549
Jászágó	other	704
Jászalsószentgyörgy	györgy	3481
Jászboldogháza	háza	1688
Jászdózsa	other	2142
Jászfelsőszentgyörgy	györgy	1880
Jászivány	other	400
Jászjákóhalma	other	2928
Jászszentandrás	other	2413
Jásztelek	telek	1615
Kengyel	other	3558
Kétpó	other	656
Kőtelek	telek	1575
Kuncsorba	other	635
Mesterszállás	szállás	694
Mezőhék	other	328
Nagyiván	other	1150
Nagykörű	other	1641
Nagyrév	other	671
Örményes	other	1044
Pusztamonostor	other	1596
Rákócziújfalu	falu	2037
Szajol	other	3866
Szászberek	other	1005
Szelevény	other	1026
Tiszabő	other	2291
Tiszabura	other	3213
Tiszaderzs	other	1151
Tiszagyenda	other	1022
Tiszaigar	other	844
Tiszainoka	other	405
Tiszajenő	other	1556
Tiszakürt	other	1396
Tiszaörs	other	1366
Tiszapüspöki	other	2103
Tiszaroff	other	1652
Tiszasas	other	1070
Tiszasüly	other	1552
Tiszaszentimre	other	2092
Tiszaszőlős	szőlős	1556
Tiszatenyő	other	1689
Tiszavárkony	other	1540
Tomajmonostora	other	771
Tószeg	szeg	4527
Vezseny	other	684
Zagyvarékas	other	3709
Alsónána	other	720
Alsónyék	other	760
Aparhant	other	1017
Attala	other	794
Báta	other	1629
Bátaapáti	apáti	413
Belecska	other	358
Bikács	other	430
Bogyiszló	other	2194
Bonyhádvarasd	other	437
Bölcske	other	2780
Cikó	other	910
Csibrák	other	334
Csikóstőttős	other	846
Dalmand	other	1247
Diósberény	berény	356
Döbrököz	other	1958
Dunaszentgyörgy	györgy	2598
Dúzs	other	235
Értény	other	742
Fácánkert	other	715
Felsőnána	other	635
Felsőnyék	other	1060
Fürged	other	716
Gerjen	other	1231
Grábóc	other	173
Györe	other	662
Györköny	other	972
Gyulaj	other	961
Harc	other	864
Iregszemcse	other	2647
Izmény	other	506
Jágónak	other	246
Kajdacs	other	1189
Kakasd	other	1728
Kalaznó	other	146
Kapospula	other	851
Kaposszekcső	other	1500
Keszőhidegkút	kút	209
Kéty	other	702
Kisdorog	other	717
Kismányok	other	336
Kisszékely	other	316
Kistormás	other	342
Kisvejke	other	424
Kocsola	other	1268
Koppányszántó	tó	338
Kölesd	other	1517
Kurd	other	1173
Lápafő	other	160
Lengyel	other	546
Madocsa	other	1908
Magyarkeszi	other	1209
Medina	other	816
Miszla	other	281
Mórágy	other	764
Mőcsény	other	334
Mucsfa	fa	369
Mucsi	other	477
Murga	other	63
Nagykónyi	other	1089
Nagyszékely	other	428
Nagyszokoly	other	890
Nagyvejke	other	158
Nak	other	543
Németkér	other	1739
Ozora	other	1658
Őcsény	other	2455
Pálfa	fa	1521
Pári	other	679
Pörböly	other	563
Pusztahencse	other	1050
Regöly	other	1143
Sárpilis	other	708
Sárszentlőrinc	other	1071
Sióagárd	other	1289
Szakadát	other	241
Szakály	other	1320
Szakcs	other	852
Szálka	other	661
Szárazd	other	266
Szedres	other	2228
Tengelic	other	2232
Tevel	other	1396
Tolnanémedi	other	1022
Udvari	other	312
Újireg	other	295
Váralja	other	832
Várdomb	other	1190
Várong	other	164
Varsád	other	393
Závod	other	299
Zomba	other	2023
Acsád	other	665
Alsószölnök	other	354
Alsóújlak	lak	601
Andrásfa	fa	249
Apátistvánfalva	falva	399
Bajánsenye	other	497
Balogunyom	other	1166
Bejcgyertyános	other	425
Bérbaltavár	vár	547
Boba	other	842
Borgáta	other	166
Bozsok	other	354
Bozzai	other	302
Bő	other	696
Bögöt	other	391
Bögöte	other	313
Bucsu	other	579
Cák	other	272
Chernelházadamonya	other	205
Csákánydoroszló	other	1760
Csánig	other	343
Csehi	other	259
Csehimindszent	other	373
Csempeszkopács	other	322
Csénye	other	707
Csipkerek	other	324
Csönge	other	408
Csörötnek	other	862
Daraboshegy	other	97
Dozmat	other	255
Döbörhegy	other	125
Döröske	other	91
Duka	other	262
Egervölgy	other	340
Egyházashetye	other	323
Egyházashollós	other	553
Egyházasrádóc	other	1265
Felsőcsatár	other	475
Felsőjánosfa	fa	201
Felsőmarác	other	249
Felsőszölnök	other	572
Gasztony	other	422
Gencsapáti	apáti	2689
Gérce	other	1150
Gersekarát	other	674
Gór	other	293
Gyanógeregye	other	158
Gyöngyösfalu	falu	1098
Győrvár	vár	643
Halastó	tó	84
Halogy	other	294
Harasztifalu	falu	157
Hegyfalu	falu	770
Hegyháthodász	other	163
Hegyhátsál	other	141
Hegyhátszentjakab	other	270
Hegyhátszentmárton	márton	67
Hegyhátszentpéter	other	163
Horvátlövő	other	196
Horvátzsidány	other	820
Hosszúpereszteg	other	646
Ikervár	vár	1741
Iklanberény	berény	54
Ispánk	other	106
Ivánc	other	674
Ják	other	2606
Jákfa	fa	510
Káld	other	1053
Kám	other	456
Karakó	other	218
Katafa	fa	346
Keléd	other	83
Kemeneskápolna	other	98
Kemenesmagasi	other	909
Kemenesmihályfa	fa	521
Kemenespálfa	fa	411
Kemenessömjén	other	571
Kemenesszentmárton	márton	209
Kemestaródfa	fa	227
Kenéz	other	270
Kenyeri	other	821
Kercaszomor	other	231
Kerkáskápolna	other	72
Kétvölgy	other	119
Kisrákos	other	183
Kissomlyó	other	241
Kisunyom	other	451
Kiszsidány	other	92
Kondorfa	fa	495
Köcsk	other	260
Kőszegdoroszló	other	239
Kőszegpaty	other	208
Kőszegszerdahely	hely	505
Lócs	other	131
Lukácsháza	háza	1117
Magyarlak	lak	783
Magyarnádalja	other	242
Magyarszecsőd	other	438
Magyarszombatfa	fa	271
Meggyeskovácsi	other	663
Megyehíd	other	317
Mersevát	other	595
Mesterháza	háza	159
Mesteri	other	281
Meszlen	other	217
Mikosszéplak	lak	325
Molnaszecsőd	other	420
Nádasd	other	1310
Nagygeresd	other	283
Nagykölked	other	158
Nagymizdó	other	116
Nagyrákos	other	282
Nagysimonyi	other	976
Nagytilaj	other	141
Nárai	other	1412
Narda	other	476
Nemesbőd	other	644
Nemescsó	other	299
Nemeskeresztúr	túr	287
Nemeskocs	other	327
Nemeskolta	other	372
Nemesládony	other	144
Nemesmedves	other	23
Nemesrempehollós	other	264
Nick	other	529
Nyőgér	other	331
Olaszfa	fa	402
Ólmod	other	119
Orfalu	falu	70
Ostffyasszonyfa	fa	778
Oszkó	other	622
Ölbő	other	752
Őrimagyarósd	other	223
Pácsony	other	297
Pankasz	other	458
Pápoc	other	300
Pecöl	other	798
Perenye	other	669
Peresznye	other	630
Petőmihályfa	fa	199
Pinkamindszent	other	187
Pornóapáti	apáti	384
Porpác	other	141
Pósfa	fa	270
Pusztacsó	other	153
Püspökmolnári	other	865
Rábagyarmat	other	757
Rábahídvég	other	973
Rábapaty	other	1669
Rábatöttös	other	236
Rádóckölked	other	287
Rátót	other	239
Répceszentgyörgy	györgy	104
Rönök	other	417
Rum	other	1127
Sajtoskál	other	394
Salköveskút	kút	489
Sárfimizdó	other	102
Sé	other	1355
Simaság	other	555
Sitke	other	732
Sorkifalud	other	676
Sorkikápolna	other	243
Sorokpolány	other	821
Sótony	other	627
Söpte	other	795
Szaknyér	other	53
Szakonyfalu	falu	375
Szalafő	other	208
Szarvaskend	other	226
Szatta	other	68
Szeleste	other	661
Szemenye	other	344
Szentpéterfa	fa	1007
Szergény	other	319
Szőce	other	314
Tanakajd	other	744
Táplánszentkereszt	other	2613
Telekes	other	520
Tokorcs	other	370
Tompaládony	other	325
Tormásliget	other	300
Torony	other	2010
Tömörd	other	293
Uraiújfalu	falu	828
Vámoscsalád	other	301
Vasalja	other	328
Vásárosmiske	other	354
Vasasszonyfa	fa	388
Vasegerszeg	szeg	363
Vashosszúfalu	falu	351
Vaskeresztes	other	347
Vassurány	other	788
Vasszécseny	other	1350
Vasszentmihály	other	350
Vasszilvágy	other	392
Vát	other	661
Velem	other	378
Velemér	other	73
Viszák	other	262
Vönöck	other	728
Zsédeny	other	205
Zsennye	other	117
Ábrahámhegy	other	557
Adásztevel	other	842
Adorjánháza	háza	409
Alsóörs	other	1854
Apácatorna	other	173
Aszófő	other	463
Badacsonytördemic	other	934
Bakonybél	other	1160
Bakonyjákó	other	731
Bakonykoppány	other	219
Bakonynána	other	1028
Bakonyoszlop	other	454
Bakonypölöske	other	406
Bakonyság	other	73
Bakonyszentiván	other	232
Bakonyszentkirály	other	839
Bakonyszücs	other	290
Bakonytamási	other	636
Balatonakali	other	726
Balatonakarattya	other	925
Balatoncsicsó	other	263
Balatonederics	other	1036
Balatonfőkajár	other	1356
Balatonhenye	other	132
Balatonrendes	other	150
Balatonszepezd	other	448
Balatonszőlős	szőlős	656
Balatonudvari	other	380
Bánd	other	701
Barnag	other	142
Bazsi	other	439
Béb	other	269
Békás	other	204
Bodorfa	fa	101
Borszörcsök	other	380
Borzavár	vár	752
Csabrendek	other	3059
Csajág	other	857
Csehbánya	other	298
Csesznek	other	526
Csetény	other	1866
Csopak	other	2147
Csót	other	975
Csögle	other	641
Dabronc	other	463
Dabrony	other	437
Dáka	other	644
Doba	other	454
Döbrönte	other	272
Dörgicse	other	298
Dudar	other	1790
Egeralja	other	216
Egyházaskesző	other	491
Eplény	other	514
Farkasgyepű	other	364
Felsőörs	other	1812
Ganna	other	269
Gecse	other	410
Gic	other	372
Gógánfa	fa	799
Gyepükaján	other	363
Gyulakeszi	other	715
Hajmáskér	other	3090
Halimba	other	1197
Hárskút	kút	674
Hegyesd	other	176
Hegymagas	other	306
Hetyefő	other	94
Hidegkút	kút	469
Homokbödöge	other	703
Hosztót	other	72
Iszkáz	other	322
Jásd	other	706
Kamond	other	425
Kapolcs	other	377
Káptalanfa	fa	808
Káptalantóti	other	493
Karakószörcsök	other	307
Kékkút	kút	82
Kemeneshőgyész	other	483
Kemenesszentpéter	other	600
Kerta	other	573
Királyszentistván	other	542
Kisapáti	apáti	360
Kisberzseny	other	96
Kiscsősz	other	119
Kislőd	other	1227
Kispirit	other	75
Kisszőlős	szőlős	173
Kolontár	other	754
Kővágóörs	other	779
Köveskál	other	375
Kup	other	469
Külsővat	other	747
Küngös	other	563
Lesencefalu	falu	324
Lesenceistvánd	other	981
Lesencetomaj	other	1135
Litér	other	2241
Lókút	kút	471
Lovas	other	461
Lovászpatona	other	1154
Magyargencs	other	502
Magyarpolány	other	1296
Malomsok	other	507
Marcalgergelyi	other	403
Marcaltő	other	767
Márkó	other	1426
Megyer	other	28
Mencshely	hely	267
Mezőlak	lak	985
Mihályháza	háza	727
Mindszentkálla	other	261
Monostorapáti	apáti	1168
Monoszló	other	131
Nagyacsád	other	639
Nagyalásony	other	481
Nagydém	other	355
Nagyesztergár	other	1208
Nagygyimót	other	576
Nagypirit	other	269
Nagytevel	other	568
Nagyvázsony	other	1820
Nemesgörzsöny	other	685
Nemesgulács	other	1002
Nemeshany	other	397
Nemesszalók	other	877
Nemesvámos	other	2905
Nemesvita	other	352
Németbánya	other	114
Nóráp	other	228
Noszlop	other	1011
Nyárád	other	964
Nyirád	other	1941
Óbudavár	vár	63
Olaszfalu	falu	1061
Oroszi	other	139
Öcs	other	206
Örvényes	other	152
Ősi	other	2070
Öskü	other	2257
Paloznak	other	547
Pápadereske	other	284
Pápakovácsi	other	582
Pápasalamon	other	369
Pápateszér	other	1218
Papkeszi	other	1643
Pécsely	other	588
Pénzesgyőr	other	341
Porva	other	470
Pula	other	202
Pusztamiske	other	438
Raposka	other	255
Rigács	other	214
Salföld	other	73
Sáska	other	294
Sóly	other	524
Somlójenő	other	293
Somlószőlős	szőlős	657
Somlóvásárhely	hely	1172
Somlóvecse	other	93
Sümegprága	other	605
Szápár	other	486
Szentantalfa	fa	501
Szentbékkálla	other	217
Szentgál	other	2882
Szentimrefalva	falva	207
Szentjakabfa	fa	120
Szentkirályszabadja	other	2099
Szigliget	other	938
Szőc	other	437
Tagyon	other	103
Takácsi	other	863
Taliándörögd	other	661
Tés	other	823
Tihany	other	1346
Tótvázsony	other	1410
Tüskevár	vár	559
Ugod	other	1344
Ukk	other	352
Úrkút	kút	2071
Uzsa	other	327
Vanyola	other	577
Várkesző	other	171
Városlőd	other	1332
Vaszar	other	1526
Vászoly	other	264
Veszprémfajsz	other	248
Veszprémgalsa	other	264
Vid	other	150
Vigántpetend	other	220
Vilonya	other	683
Vinár	other	236
Vöröstó	tó	86
Zalaerdőd	other	251
Zalagyömörő	other	437
Zalahaláp	other	1277
Zalameggyes	other	51
Zalaszegvár	vár	155
Zánka	other	1006
Alibánfa	fa	433
Almásháza	háza	82
Alsónemesapáti	apáti	672
Alsópáhok	other	1423
Alsórajk	other	328
Alsószenterzsébet	other	61
Babosdöbréte	other	509
Baglad	other	43
Bagod	other	1240
Bak	other	1642
Baktüttös	other	352
Balatongyörök	other	1335
Balatonmagyaród	other	487
Bánokszentgyörgy	györgy	631
Barlahida	other	130
Batyk	other	375
Bázakerettye	other	769
Becsehely	hely	2077
Becsvölgye	other	775
Belezna	other	720
Belsősárd	other	95
Bezeréd	other	151
Bocfölde	other	1186
Bocska	other	330
Bókaháza	háza	299
Boncodfölde	other	339
Borsfa	fa	712
Böde	other	284
Bödeháza	háza	51
Börzönce	other	51
Búcsúszentlászló	other	759
Bucsuta	other	203
Csapi	other	167
Csatár	other	524
Cserszegtomaj	other	3202
Csertalakos	other	50
Csesztreg	other	843
Csonkahegyhát	other	350
Csöde	other	79
Csömödér	other	608
Csörnyeföld	other	447
Dióskál	other	495
Dobri	other	158
Dobronhegy	other	145
Döbröce	other	88
Dötk	other	44
Egeraracsa	other	326
Egervár	vár	1029
Eszteregnye	other	680
Esztergályhorváti	other	429
Felsőpáhok	other	720
Felsőrajk	other	748
Felsőszenterzsébet	other	19
Fityeház	other	625
Fűzvölgy	other	141
Gáborjánháza	háza	80
Galambok	other	1333
Garabonc	other	710
Gellénháza	háza	1527
Gelse	other	1067
Gelsesziget	other	254
Gétye	other	115
Gombosszeg	szeg	48
Gosztola	other	63
Gősfa	fa	305
Gutorfölde	other	980
Gyűrűs	other	102
Hagyárosbörönd	other	304
Hahót	other	1045
Hernyék	other	85
Homokkomárom	other	226
Hosszúvölgy	other	192
Hottó	tó	340
Iborfia	other	9
Iklódbördőce	other	304
Kacorlak	lak	216
Kallósd	other	87
Kálócfa	fa	150
Kányavár	vár	142
Karmacs	other	768
Kávás	other	260
Kehidakustány	other	1085
Kemendollár	other	497
Keménfa	fa	88
Kerecseny	other	268
Kerkabarabás	other	281
Kerkafalva	falva	115
Kerkakutas	other	122
Kerkaszentkirály	other	241
Kerkateskánd	other	170
Kilimán	other	230
Kisbucsa	other	437
Kiscsehi	other	182
Kisgörbő	other	181
Kiskutas	other	208
Kispáli	other	282
Kisrécse	other	187
Kissziget	other	181
Kistolmács	other	181
Kisvásárhely	hely	49
Kozmadombja	other	42
Kustánszeg	szeg	483
Külsősárd	other	69
Lakhegy	other	455
Lasztonya	other	88
Lendvadedes	other	31
Lendvajakabfa	fa	41
Lickóvadamos	other	190
Ligetfalva	falva	59
Lispeszentadorján	other	287
Liszó	other	387
Lovászi	other	1156
Magyarföld	other	53
Magyarszentmiklós	miklós	251
Magyarszerdahely	hely	532
Maróc	other	77
Márokföld	other	55
Miháld	other	789
Mihályfa	fa	362
Mikekarácsonyfa	fa	327
Milejszeg	szeg	328
Misefa	fa	294
Molnári	other	701
Murakeresztúr	túr	1696
Murarátka	other	248
Muraszemenye	other	529
Nagybakónak	other	420
Nagygörbő	other	159
Nagykapornak	other	893
Nagykutas	other	461
Nagylengyel	other	479
Nagypáli	other	530
Nagyrada	other	495
Nagyrécse	other	1125
Nemesapáti	apáti	511
Nemesbük	other	779
Nemeshetés	other	261
Nemesnép	other	134
Nemespátró	other	274
Nemesrádó	other	321
Nemessándorháza	háza	339
Nemesszentandrás	other	275
Németfalu	falu	192
Nova	other	790
Óhíd	other	556
Oltárc	other	259
Orbányosfa	fa	117
Ormándlak	lak	108
Orosztony	other	465
Ortaháza	háza	114
Ozmánbük	other	203
Padár	other	124
Páka	other	1134
Pakod	other	877
Pálfiszeg	szeg	168
Pat	other	197
Pethőhenye	other	432
Petrikeresztúr	túr	372
Petrivente	other	358
Pókaszepetk	other	939
Pórszombat	other	293
Pölöske	other	859
Pölöskefő	other	382
Pördefölde	other	66
Pötréte	other	286
Pusztaapáti	apáti	29
Pusztaederics	other	174
Pusztamagyaród	other	571
Pusztaszentlászló	other	569
Ramocsa	other	39
Rédics	other	913
Resznek	other	278
Rezi	other	1328
Rigyác	other	424
Salomvár	vár	587
Sand	other	399
Sárhida	other	785
Sármellék	other	1842
Semjénháza	háza	569
Sénye	other	46
Sormás	other	900
Söjtör	other	1476
Surd	other	610
Sümegcsehi	other	630
Szalapa	other	192
Szécsisziget	other	210
Szentgyörgyvár	vár	334
Szentgyörgyvölgy	other	403
Szentkozmadombja	other	63
Szentliszló	other	280
Szentmargitfalva	falva	78
Szentpéterfölde	other	143
Szentpéterúr	other	1039
Szepetnek	other	1571
Szijártóháza	háza	26
Szilvágy	other	181
Tekenye	other	451
Teskánd	other	1120
Tilaj	other	185
Tófej	other	707
Tormafölde	other	364
Tornyiszentmiklós	miklós	558
Tótszentmárton	márton	830
Tótszerdahely	hely	1081
Türje	other	1632
Újudvar	other	970
Valkonya	other	68
Vállus	other	129
Várfölde	other	193
Várvölgy	other	1069
Vasboldogasszony	other	550
Vaspör	other	343
Vindornyafok	other	138
Vindornyalak	lak	87
Vindornyaszőlős	szőlős	343
Vöckönd	other	86
Zajk	other	260
Zalaapáti	apáti	1693
Zalabaksa	other	663
Zalabér	other	734
Zalaboldogfa	fa	376
Zalacsány	other	983
Zalacséb	other	515
Zalaháshágy	other	385
Zalaigrice	other	118
Zalaistvánd	other	371
Zalakomár	other	2990
Zalaköveskút	kút	28
Zalamerenye	other	182
Zalasárszeg	szeg	120
Zalaszabar	other	589
Zalaszántó	tó	939
Zalaszentbalázs	other	812
Zalaszentgyörgy	györgy	419
Zalaszentiván	other	1021
Zalaszentjakab	other	320
Zalaszentlászló	other	798
Zalaszentlőrinc	other	276
Zalaszentmárton	márton	72
Zalaszentmihály	other	1005
Zalaszombatfa	fa	54
Zalatárnok	other	615
Zalaújlak	lak	107
Zalavár	vár	916
Zalavég	other	353
Zebecke	other	72
Kecskemét	other	110974
Pécs	other	149030
Békéscsaba	other	60137
Miskolc	other	160325
Szeged	other	163763
Székesfehérvár	vár	97190
Győr	other	124743
Debrecen	other	203493
Eger	other	53091
Tatabánya	other	69092
Salgótarján	other	35982
Kaposvár	vár	63778
Nyíregyháza	háza	120086
Szolnok	other	71084
Szekszárd	other	32974
Szombathely	hely	76528
Veszprém	other	56361
Zalaegerszeg	szeg	57914
Hódmezővásárhely	hely	45159
Dunaújváros	other	46228
Sopron	other	58458
Érd	other	68039
Nagykanizsa	other	47337
Bácsbokod	other	2638
Bugac	other	2694
Dunapataj	other	3191
Harta	other	3474
Lakitelek	telek	4757
Sükösd	other	3701
Tiszaalpár	other	4985
Beremend	other	2450
Szászvár	vár	2351
Vajszló	other	1787
Békésszentandrás	other	3693
Csabacsűd	other	1779
Doboz	other	4233
Dombegyház	other	2134
Gádoros	other	3708
Kétegyháza	háza	3641
Kevermes	other	1947
Nagyszénás	other	4971
Arló	other	3916
Izsófalva	falva	1796
Múcsony	other	3005
Ricse	other	1866
Szentistván	other	2375
Szirmabesenyő	other	4326
Taktaharkány	other	3653
Tiszalúc	other	5108
Algyő	other	5430
Nagymágocs	other	2992
Szegvár	vár	4443
Cece	other	2607
Előszállás	szállás	2297
Lajoskomárom	other	2211
Lepsény	other	3189
Mezőfalva	falva	4716
Perkáta	other	3986
Sárosd	other	3281
Seregélyes	other	4492
Soponya	other	1872
Szabadbattyán	other	4704
Bősárkány	other	2112
Hegyeshalom	halom	3622
Nagycenk	other	2070
Szany	other	2139
Bagamér	other	2615
Csökmő	other	1984
Egyek	other	5389
Földes	other	4056
Hosszúpályi	other	5968
Nagyrábé	other	2180
Nyírábrány	other	3930
Pocsaj	other	2764
Sárrétudvari	other	2989
Zsáka	other	1594
Kál	other	3560
Parád	other	2014
Recsk	other	2788
Nagyigmánd	other	2878
Tokod	other	4200
Alsónémedi	other	5245
Bag	other	3924
Bugyi	other	5339
Csömör	other	9591
Dömsöd	other	5958
Kartal	other	5941
Kiskunlacháza	háza	8982
Leányfalu	falu	3824
Mogyoród	other	6923
Nagykovácsi	other	8174
Solymár	other	11142
Taksony	other	6337
Tápiószecső	other	6262
Tápiószentmárton	márton	5508
Tárnok	other	9838
Valkó	other	2449
Balatonszárszó	other	2272
Berzence	other	2480
Gávavencsellő	other	3548
Hodász	other	3430
Kállósemjén	other	3732
Kölcse	other	1471
Levelek	other	3002
Mérk	other	2217
Nyírbéltek	other	2916
Nyírbogát	other	3076
Ököritófülpös	other	1858
Porcsalma	other	2920
Tarpa	other	2749
Tiszabecs	other	1624
Tiszadob	other	2777
Tuzsér	other	3577
Tyukod	other	2039
Cibakháza	háza	4005
Jászladány	other	5664
Kunmadaras	other	5626
Öcsöd	other	3304
Decs	other	4111
Fadd	other	4250
Hőgyész	other	2826
Nagydorog	other	2670
Pincehely	hely	2204
Pétfürdő	other	4791
Révfülöp	other	1178
Gyenesdiás	other	4034
Vonyarcvashegy	other	2550
Bácsalmás	other	6732
Baja	other	36315
Dunavecse	other	3938
Hajós	other	3001
Izsák	other	5930
Jánoshalma	other	8684
Kalocsa	other	16302
Kecel	other	8625
Kerekegyháza	háza	6687
Kiskőrös	other	14239
Kiskunfélegyháza	háza	30271
Kiskunhalas	other	28532
Kiskunmajsa	other	11534
Kunszentmiklós	miklós	8431
Lajosmizse	other	12002
Mélykút	kút	5128
Solt	other	6492
Soltvadkert	other	7525
Szabadszállás	szállás	6398
Tiszakécske	other	11470
Tompa	other	4719
Bóly	other	3789
Harkány	other	4589
Komló	other	25059
Kozármisleny	other	6370
Mágocs	other	2331
Mohács	other	18822
Pécsvárad	other	3997
Sásd	other	3087
Sellye	other	2767
Siklós	other	9827
Szentlőrinc	other	6556
Szigetvár	vár	10558
Villány	other	2360
Battonya	other	6004
Békés	other	19622
Csorvás	other	4965
Dévaványa	other	7618
Elek	other	4857
Füzesgyarmat	other	5688
Gyomaendrőd	other	13561
Gyula	other	30656
Kondoros	other	5015
Körösladány	other	4594
Medgyesegyháza	háza	3590
Mezőberény	berény	10354
Mezőhegyes	other	5181
Mezőkovácsháza	háza	5968
Orosháza	háza	28744
Sarkad	other	10250
Szarvas	other	16062
Szeghalom	halom	9068
Tótkomlós	other	5873
Újkígyós	other	5152
Vésztő	other	7078
Abaújszántó	tó	3022
Alsózsolca	other	5843
Borsodnádasd	other	3130
Cigánd	other	3221
Edelény	other	9890
Emőd	other	5023
Encs	other	6451
Felsőzsolca	other	6854
Gönc	other	2047
Kazincbarcika	other	28410
Mezőcsát	other	5983
Mezőkeresztes	other	3767
Mezőkövesd	other	16470
Nyékládháza	háza	5101
Onga	other	4917
Ózd	other	35390
Pálháza	háza	1088
Putnok	other	6931
Rudabánya	other	2598
Sajóbábony	other	2763
Sajószentpéter	other	12397
Sárospatak	other	12375
Sátoraljaújhely	hely	15138
Szendrő	other	4192
Szerencs	other	9191
Szikszó	other	5611
Tiszaújváros	other	16980
Tokaj	other	3909
Csanádpalota	other	2896
Csongrád	other	16749
Kistelek	telek	7230
Makó	other	23499
Mindszent	other	6784
Mórahalom	halom	6317
Sándorfalva	falva	8288
Szentes	other	27820
Aba	other	4657
Adony	other	3840
Bicske	other	12465
Bodajk	other	4093
Csákvár	vár	5237
Enying	other	6833
Ercsi	other	8426
Gárdony	other	11322
Martonvásár	other	5756
Mór	other	14257
Polgárdi	other	6960
Pusztaszabolcs	other	6103
Rácalmás	other	4708
Sárbogárd	other	12146
Velence	other	6186
Beled	other	2629
Csorna	other	10137
Fertőd	other	3290
Fertőszentmiklós	miklós	3805
Jánossomorja	other	6171
Kapuvár	vár	10174
Lébény	other	3290
Mosonmagyaróvár	vár	32539
Pannonhalma	other	3500
Tét	other	4056
Balmazújváros	other	17678
Berettyóújfalu	falu	14989
Biharkeresztes	other	4345
Derecske	other	8747
Hajdúböszörmény	other	31026
Hajdúdorog	other	8970
Hajdúhadház	other	13388
Hajdúnánás	other	17169
Hajdúsámson	other	14196
Hajdúszoboszló	other	23987
Kaba	other	5875
Komádi	other	5603
Létavértes	other	7500
Nádudvar	other	8822
Nyíradony	other	8001
Polgár	other	8036
Püspökladány	other	14646
Téglás	other	6431
Tiszacsege	other	4704
Vámospércs	other	5542
Bélapátfalva	falva	2883
Füzesabony	other	7766
Gyöngyös	other	29465
Gyöngyöspata	other	2508
Hatvan	other	20784
Heves	other	10744
Kisköre	other	2809
Lőrinci	other	5553
Pétervására	other	2186
Verpelét	other	3909
Ács	other	7179
Bábolna	other	3551
Dorog	other	12158
Esztergom	other	29520
Kisbér	other	5576
Komárom	other	19243
Lábatlan	other	5055
Nyergesújfalu	falu	7545
Oroszlány	other	18960
Tát	other	5480
Tata	other	23339
Balassagyarmat	other	15174
Bátonyterenye	other	12525
Pásztó	tó	9079
Rétság	other	2818
Szécsény	other	5772
Abony	other	14968
Albertirsa	other	12839
Aszód	other	6158
Biatorbágy	other	13481
Budakalász	other	11165
Budakeszi	other	14887
Budaörs	other	29703
Cegléd	other	36867
Dabas	other	17014
Diósd	other	10354
Dunaharaszti	other	22320
Dunakeszi	other	43908
Dunavarsány	other	8099
Fót	other	19955
Göd	other	20571
Gödöllő	other	32079
Gyál	other	24405
Gyömrő	other	18228
Halásztelek	telek	10745
Isaszeg	szeg	11504
Kerepes	other	10473
Kistarcsa	other	12990
Maglód	other	12709
Monor	other	18490
Nagykáta	other	12572
Nagykőrös	other	23935
Nagymaros	other	4985
Ócsa	other	9705
Őrbottyán	other	7499
Örkény	other	4860
Pécel	other	16311
Pilis	other	11952
Piliscsaba	other	8108
Pilisvörösvár	vár	14594
Pomáz	other	17889
Ráckeve	other	10392
Sülysáp	other	8425
Százhalombatta	other	19228
Szentendre	other	27794
Szigethalom	halom	18269
Szigetszentmiklós	miklós	38766
Szob	other	2651
Tápiószele	other	6187
Tököl	other	10510
Törökbálint	other	14061
Tura	other	7821
Újhartyán	other	2801
Üllő	other	11987
Vác	other	34298
Vecsés	other	21242
Veresegyház	other	18706
Visegrád	other	1818
Zsámbék	other	5659
Balatonboglár	other	5890
Balatonföldvár	vár	2320
Balatonlelle	other	4934
Barcs	other	11048
Csurgó	other	5006
Fonyód	other	5199
Igal	other	1459
Kadarkút	kút	2450
Lengyeltóti	other	3061
Marcali	other	11500
Nagyatád	other	10633
Nagybajom	other	3185
Siófok	other	24984
Tab	other	4414
Zamárdi	other	2612
Ajak	other	3794
Baktalórántháza	háza	3775
Balkány	other	6328
Csenger	other	5382
Demecser	other	4365
Dombrád	other	4182
Fehérgyarmat	other	8150
Ibrány	other	6970
Kemecse	other	5084
Kisvárda	other	17302
Mándok	other	4389
Máriapócs	other	2117
Mátészalka	other	17036
Nagyecsed	other	6539
Nagyhalász	other	5818
Nagykálló	other	9720
Nyírbátor	other	12248
Nyírlugos	other	2780
Nyírmada	other	5094
Nyírtelek	telek	7069
Rakamaz	other	4627
Tiszalök	other	5414
Tiszavasvári	other	13222
Újfehértó	tó	12929
Vaja	other	3714
Vásárosnamény	other	9107
Záhony	other	4489
Abádszalók	other	4263
Besenyszög	other	3335
Fegyvernek	other	6766
Jászapáti	apáti	8712
Jászárokszállás	szállás	7694
Jászberény	berény	26361
Jászfényszaru	other	5791
Jászkisér	other	5463
Karcag	other	20268
Kenderes	other	4570
Kisújszállás	szállás	11161
Kunhegyes	other	7938
Kunszentmárton	márton	8169
Martfű	other	6450
Mezőtúr	túr	17060
Rákóczifalva	falva	5436
Tiszaföldvár	vár	10945
Tiszafüred	other	11510
Törökszentmiklós	miklós	20957
Túrkeve	other	8909
Újszász	other	6238
Bátaszék	other	6537
Bonyhád	other	13217
Dombóvár	vár	18651
Dunaföldvár	vár	8476
Gyönk	other	1813
Nagymányok	other	2314
Paks	other	18936
Simontornya	other	3951
Tamási	other	8160
Tolna	other	11593
Bük	other	3492
Celldömölk	other	10654
Csepreg	other	3234
Jánosháza	háza	2467
Körmend	other	11182
Kőszeg	szeg	11427
Őriszentpéter	other	1160
Répcelak	lak	2642
Sárvár	vár	14856
Szentgotthárd	other	8578
Vasvár	vár	4207
Vép	other	3327
Ajka	other	28821
Badacsonytomaj	other	2192
Balatonalmádi	other	9685
Balatonfüred	other	13768
Balatonfűzfő	other	4463
Balatonkenese	other	2662
Berhida	other	5972
Devecser	other	4458
Herend	other	3494
Pápa	other	30397
Sümeg	other	6242
Tapolca	other	15866
Várpalota	other	20489
Zirc	other	6803
Hévíz	other	4747
Keszthely	hely	19509
Lenti	other	8040
Letenye	other	4080
Pacsa	other	1700
Zalakaros	other	2518
Zalalövő	other	2903
Zalaszentgrót	other	6498
